{"p_x": -0.23536352551997441, "p_y": 0.05781242572349768, "orien_z": -0.1337042535946387, "orien_w": 0.991021277556996}